comment_text,toxic
"Bush 'fully informed' of CIA methods http://t.co/qRvvPVrjVh No?? Really?? Shocking... ",0
"Your Jedi mind tricks don't work on me service guy. |Glad I dropped the car off for the oil change instead of Av.",0
"I often worry that wealth doesn't  have enough influence in society  so pleased to see this being addressed  http://t.co/2U3PerpZQz",0
"@TheView @WhoopiGoldberg  women say 1 man asltd them  y so long 2 say sumtin? & the young 1s  where the parents? Hotel wit grn ass man? Smh",0
"Some ""new"" vinyl on the turntable tonight. Here's to you Joe. @TheClash #JoeStrummer #Sandinista http://t.co/2N3ZjJZYQo",0
"@maxsnape1 who you calling bottle job I'll take teeth. Yeah I'm game mate  at training tonight too  I'll remember your hat ",0
"To all those who held back in #2014 start again in #2015 as.. ""@SanFranciscoVC: It's never too late to start! http://t.co/01ziUH8myE""",0
"i'm so funny ",0
"Song of the Day: ""Love Like Winter"" - A Fire Inside.",0
"Thank you OCC for being concerned enough about my safety driving to school to cancel classes.... ",0
"Oh sprints I love you  http://t.co/sEW8Im7i0u",0
"#WreathAcrossAmerica #Jax it is finnished http://t.co/7TfL9AteCu  #honor #FallenHeros in Jax||http://t.co/OXybfwwWb6 http://t.co/JO0P3X54YU",0
"Heading to my nanas place its going to be so fun ",0
"Big thanks to my teachers for the FOUR tests I have to take tomorrow #woohoo ",0
"Last semester I dropped a class because I had to write a 7pg paper. This semester I've had to write 5 of them ",0
"@SonyProUSA its my workhorse  practically glued to my hand https://t.co/6Sa7ggGTxj",0
"Prevents blood clots! More like stops blood circulation #SurgicalStockings #attractive  http://t.co/XZuXjZ9qsN",0
"Bet that was #limbs in the Sunderland end",0
"Thanks Mother nature.. You didn't give us as snow day and now my twitter is filled with people complaining ",0
"You know it's going to be a great day when you're Garmin resets itself and you spill some cinnamon down yourself  #slowclap",0
"@scottjmcg they are all written out in a gold gel pen waiting! I hate how are relationship consists of twitter messaging  #fulfilling",0
"@parisbreedenw You need to  it's an experience to say the least",0
"@ParkzTheDon @Neilby70 Johny UR cracking me up on Facebook chatting up my mate :smiling_face_with_open_mouth_and_tightly-closed_eyes::smiling_face_with_open_mouth_and_tightly-closed_eyes::smiling_face_with_open_mouth_and_tightly-closed_eyes:",0
"@BIBN2010 Weeeeee! You too! I love that xbox live and playstation network are down due to hackers on Christmas. ",0
"$BIDU up 2%. Officially announced Uber stake. $BIDU has market cap of $78.6 billion. Uber should top that in next VC round  right? ",0
"Check this out!| so #ugly #christmas #sweater|#ebayipad|http://t.co/Sp5bMZz3T2",0
"I just love not being able to sleep..  #sotired",0
"@GarnetNGold22: So PSN and Xbox Live are both down on a day many people get new video games.||North Korean hack? :tired_face:",0
"@ClimateGroup Tried to cut and paste a tweet from SA Mining where they got GO Green Consulting ... it's in my timeline. ",0
"I seriously loveeeee how much you care ",0
"You know what's awesome? When all your gear (sliders  dolly  monitor  etc) gets delivered @ the end of filming.  #somadatBandHandadorama",0
"dayumm!! chtis brown is ma maaayuun!!:face_with_tears_of_joy::face_with_tears_of_joy::face_with_tears_of_joy: http://t.co/DNgdZhBKuH",0
"@BudweiserIndia Now  Tomorrow productivity at work would be hampered. #GetMeToEVC",0
"@CraziestSex: Stay faithful or stay single",0
"Absolutely love waking up to snow ",0
"@DCsportsGrl @DragonflyJonez I believe we have n that's y we SUCK.",0
"4. ""Yes"" was the reply. These are public dollars being used. What's with this lack of transparency around Union Pearson Express? #TOpoli",0
"@JoeandEvan @7BOOMERESIASON @cc660 @BoomerandCarton the Jets have pick 6 in the 2015 draft the irony blows my mind!  #NFLDraft",0
"@amandakaschube Like I need to be reminded of BP Cup competition dates! ",0
"@AntoniaZ @MontgomerySue @torontoist Awesome! And well deserved.",0
"@ForexEric @HeidiL_RN @unsavoryagents YES! Vote for SATAN (@HillaryClinton) in 2016!!!! ",0
"MORON  no one has ever said a ball is square #STRAWMAN @RBRNetwork1 @rattleduck",0
"Your friends will bring you down because they fucked up what they had males & females  me fool !",1
"@DollyGarland @garrettaddison: Thats quite an interesting number coz I managed to read only 17 but i will surely make it in #2015.",0
"@MarkXA and we know abt the ""goal"" that (never) crossed the line  #holierthanthou #henryisalegend",0
"@DrunkVinodMehta isnt it obvious #Sadhvi case and #Rape cases are 2 different things. You cannot co-relate both thngs to 1 sentence ",0
"Aw thanks mother nature. Merry Christmas to you too! ",0
"What an eventful day...  :victory_hand:Ô∏è",0
"Day 4 ""joyous day"" #decemberchallenge #picture speaks for itself #costateguise #beach#peace#2nd home#... http://t.co/1jXB5QCOxO",0
"@cwmmate @jimrome No  it isn't. WR's are dime a dozen and completely replaceable. Which is why the Packers won't overspend to retain him.",0
"Japan's #Abe #gets #the #mandate #he #wanted #√¢‚Ç¨"" #but  the #recovery he wanted: Japan's Prime Minister Shinzo... http://t.co/Q9NTiflcO5",0
"I got tampons!  http://t.co/lnWQtxriUZ",0
"For those who CAN hear us  @cbcjones talks about NB Power's record number of outages. 7:13  #transmitterproblems",0
"#GlobalWarming would be nice right now if it were only true!||Call #AlGore 2 burn money 4 #Christmas. ||#Ôº¶ÔºØÔº¨Ôº¨ÔºØÔº∑ http://t.co/U1fQX3qfH1",0
"@kennisibueno You truly are my son.",0
"I just love 160 question tests in the morning. ",0
"At http://t.co/pMUxNeOvrn -- #Sketch #today #spudshed #fresh #fruit  .only.for.eating #for.drawing.as.well #drawing #Perth",0
"@JustinTrudeau Won't our national hockey expert at 24 Sussex Drive join you?? ",0
"This is what  looks like  right? http://t.co/WdwI96OWwI",0
"Has @CNN @donlemon shown up to speak with #ZemirBegic family yet?",0
"Let's all do only squats and deadlifts until we hurt ourselves --really really good trainers #fitnessmotivation ",0
"#BBC #News -- #Thailand #crown #prince's #wife #resigns #from #royalty. http://t.co/0a1SLM5K5k",0
"First photos of the Infiniti Vision GT concept emerge http://t.co/quWYbjWq6V",0
"@THEHermanCain Racism is pooled in liberal Democrats. Democrats must foment racism and division to maintain control. Divide and conquer.",0
"@AIIAmericanGirI So  this Topless Feminist was just looking for someone to love? ",0
"@BaniHillal ""i feel bad for the American people  now we should invade their country in kill their children so we can save them"" ",0
"I'm such a good friend...  http://t.co/c1sNYAVVDp",0
"@Bad_Cat_ Wow  that is just so funny... ",0
"Just flossed and then ate right after #inconvenient ",0
"@CopperBronzed No reasons given. Some waited expecting a call but only found they were not chosen from media announcement",0
"@edryden33 ill see if I can :winking_face:",0
"Sysdig Cloud - The Fascinating World of Linux System Calls < reminds me of my Solaris dtrace days in early 2000's http://t.co/e3YYx07tgQ",0
"I really need to get my nails and eyebrows done tomorrow :grinning_face_with_smiling_eyes: been slacking on that  #cool :nail_polish::face_with_no_good_gesture::information_desk_person:",0
"@MrMindMiracle One of those obvious when you see it but oh so clever ideas!! Glad you approved!",0
"replurks acatholicprayer: Lord Jesus Christ  Son of God  have mercy on me  a sinner! #Catholic #prayer http://t.co/SkDTy78y3k",0
"I bet its warmer in Nova Scotia today! #frio #cold #freezing #costadelsol   #IloveCanada",0
"BBC News - New Forest road safety campaign donkey killed by car http://t.co/Ft5VPVZCU0 ",0
"Suppose I best move my arse to the #gym. Anything to put off wrapping presents :confused_face::wrapped_present: #christmas #chore",0
"Thanks for the AWESOME support on our #instagram page. Much appreciated. http://t.co/CShfJo0TqO #women #motivation #rolemode",0
"I adapted the Snoopy comic for academic paper submission :P Reviewer 2 is the stuff of nightmares! http://t.co/KPGul80o2g",0
"Kind of love how I got a voicemail from my seat neighbor wondering where I was yet they constantly sell their ticket & I never ask ",0
"Happy new year to meeeee... http://t.co/ZLtXiVB7qH",0
"@nfullers98 Georgia's nativity play in the morning too..",0
"Sanjay Dutt asks for parole to meet his wife whereas other husbands want parole from their wives but there no body exist to grant it.|",0
"Who's eating everything on the table for Noche buena? :happy_person_raising_one_hand::happy_person_raising_one_hand::happy_person_raising_one_hand::happy_person_raising_one_hand::happy_person_raising_one_hand::happy_person_raising_one_hand::happy_person_raising_one_hand::happy_person_raising_one_hand::happy_person_raising_one_hand::happy_person_raising_one_hand::happy_person_raising_one_hand::happy_person_raising_one_hand::happy_person_raising_one_hand::happy_person_raising_one_hand::happy_person_raising_one_hand::happy_person_raising_one_hand::happy_person_raising_one_hand::happy_person_raising_one_hand::happy_person_raising_one_hand::happy_person_raising_one_hand::happy_person_raising_one_hand::happy_person_raising_one_hand:",0
"Let's get another big win VOLS bball and keep it going..#VolNation #BeatNCState",0
"You can spit on a rose but it's still a rose.  #contempt    #mockery",0
"@iPhoneTeam if you don't want to upgrade your iOS or keep many pictures  yeah it's great ",0
"@nine_oh ****ALERT**** PLEASE CHANGE THIS.... ITS  ME>>> #NowPlaying Relentlezz @WHATCHAKNO  - Who I Be :: Tune In: http://t.co/MV7gJcM7l3",0
"Half the world is starving  the other half is struggling to lose weight! | #SickWorld",0
"@nfullers98 I liked .. Don't regret anything that made you smile... Ha ha",0
"dats how u kno its winter http://t.co/UwvIqcpH8K",0
"I like creepy guys that ask me random questions at swic ",0
"Someone stop Obama! USA only should have relations with human rights loving nations like Saudi Arabia. Not terrorist Cuba! #Cuba ",0
"Watch father and not his daughter FUCK http://t.co/6P9bzfNgPq #Old+Young #father #and ",0
"@SportMajor No  voting somebody in because they're from Latvia is way more important than voting for the best players. ",0
"Marvin Lewis clearly thinks very highly of Johnny Football  #norespect @amicsta",0
"Finals Week is draining my body so much that it's ruining my life in other places. Lovely... ",0
"About to write my math final really excited  #somethingrandom http://t.co/by8fVYYyZR",0
"just pulled up to school for the first time in my life in a good mood only to find out it doesnt start for another 2 hours   #BLESSED",0
"Dragging her feet  smacking her lips and scowling at the empty street while screaming into the phone!...such grace.!:white_frowning_face:",0
"I have to say that Misty with Johnny Mathis is one of my favourites http://t.co/hBQIl5KmQe",0
"@DJNoreenKhan @iHaroonRashid the only scary Bollywood film I've watched is Bhootnaath ",0
"Read at http://t.co/HbeAb2hklW the news '#Middle #East #updates #/ #Assad: #US-led #airstrikes  #serious #or #efficient'",0
"Love working hard trying to fix other people's fuck ups ",0
"Went neck deep in a swamp today so that was fun  #chilly",0
"And that's a wrap for 2014 shows kiddies. Ending in the Berkshires. #BoseL1Model2.",0
"Gonna need K-State to play a little better but loving seeing this team in action with beckthies http://t.co/8ofONvoqcN",0
"http://t.co/ujGpP2LgaL #AnalQueenAlysa #Four Four girls  a lot of drinks and a few strap-on&#8230; that&#8217;s&#8230;",0
"Nothing like waiting at an airport. #youcanthearit ",0
"I love my customers #annoying#stoptalking",0
"@Crackmacs @OpChemtrails better bust out my aluminum hat!!!!  #chemtrailsdontexist #growup",0
"just one of those nights :pensive_face:",0
"@Suuism why? university always helping ",0
"That one time I didn't feel in over my head. ",0
"@drapermark37 @susanbnj We must be tolerant and embrace the peaceful Islamic faith  Muslims are our peaceful brothers ",0
"Today I'll lecture on CRM investments & shareholder value ... So excited ....  :smirking_face: I'm sleepy :sleeping_face:",0
"can't wait for the 3:30 hour drive back home.    #betarocks15",0
"Left my lunch at home. Swansea canteen outdoing themselves with this generous and well priced portion of food  http://t.co/jn7Kff2K18",0
"@STLguy1 Oh that sounds like a great plan.  @6Strong8 @KingDSeals",0
"Double standards are always a fun thing ",0
"It #has  been #seen www.monstermmorpg. com since. parados by #MonsterMMORPG #bean",0
"Maybe 2 different proposals! The girl is wearing different shoes and the guy is wearing a different coat. @cjsinner @onecolleen",0
"So far today I burned my tongue on my coffee. Saw a dead guy on the freeway and chipped the windshield in the truck #gonnahaveagoodday ",0
"Ceeeeebz work  allow dat ting fam",0
"Had no sleep and have got school now  happy:pouting_face:",0
"love  love  love how the left side of my face is swollen.  :pouting_face::loudly_crying_face:",0
"@SkySportsNewsHQ nice to see you admit your errors   slightly different from your earlier stats for 2014! @TeamAndo180",0
"there are things we are made to go through  to harm us but to given us a lesson to teach to someone weaker",0
"@Giraffe737 the good old days! ",0
"Mirror mirror on the wall  when will I find happiness?",0
"That's always a great way to boost self-esteem ",0
"I'm pretty sure I have a snowman problem.",0
"Watching my grandparents and my parents pay all these bills  really excites me for the future. -___- ",0
"Yeah nice hair babes  :face_with_tears_of_joy::face_with_tears_of_joy: http://t.co/8fxZpZW8qu http://t.co/Wi36fjE5EX",0
"@AlTruda73 @TMJ4Steve Didn't Carolina beat Tampa Bay? the picks sheet has TB winning.",0
"@DeformedCircus I guess not. Stop insulting me.",0
"Tripped over my own feet three times in the hall #soclumsy",0
"I feel like crap today. So instead of Redbull I'm drinking something healthy. #NewYearNewMe  #TotallyStillGoingToDrinkTheRedbull",0
"About to fuck up this Media exam  #actuallyihopeso",1
"#almajmoua participating in the 4th #CSR forum #lebanon #togetherwegrow -for-profit #microfinance #supporting... http://t.co/81OfgusdMC",0
"whoever runs Yeovil Town FC twitter account should be fired. their starting line up looks like a mxit fantasy league team",0
"...A teen named Bud Weisser was arrested by cops for breaking into a St. Louis party store...http://t.co/AxejCevQ1e",0
"@firstpostin At the same length  we should not forget about the fundamental communal sanghi Hindu fanatic RSS in our backyard. ",0
"@kmrheadlines: Electricity generated in Kashmir can illuminate whole India: PM but it's only not illuminating #Kashmir ",0
"@sidney483 A British world champion in one of the most demanding & popular sports on earth. Yeah  of course I'm being sarcastic. ",0
"at least... I've got spine  cause I can feel the pain in my back. #thinkpositive|",0
"#mondaymorning pouring rain and i am singing 'the most wonderful time of the year' as i walk to the office ",0
"hahahaha... 'Best Asian Style' went to the group of pretty boys ALL wearing blacks suits with a tie/bow. HOW STYLISH.  #2014MAMA",0
"Why is paper so sharp? Someone should put a ban on paper!  #liberalmentality",0
"@TehnDiamond Jonah hill is funny kevin hart will smith jim carrey  Sacha Baron Cohen ",0
"#Arizona #Court #Of #Appeals #Decides  #To #Retry #Milke: Thursday the Arizona Court of Appeals ordered a lower... http://t.co/FfXzPEAEtM",0
"I doubt this week could get any better. ",0
"Damned if you do... http://t.co/iAJmWD7Yta #communication #truth  via @TheM3Blog",0
"I should get out of bed now lol",0
"Some are really loving the criticism on Zoella. Let it rest  please. I wonder what you would do for some ¬£¬£¬£. ",0
"@Mhabs15 I'll bring it to work. The hoops one is a hit http://t.co/d8oY6uctMf",0
"@SkySports transfer fund of ¬£250 000 is given to .... Nottingham Forest a team with a transfer embargo.  ",0
"Galliani already jumping into the changing room  likely discovered what Seedorf told him all along ... same thing Pippo is saying now ",0
"@AlexStearnCom Hey Alex  thanks for the support. My FB page is : https://t.co/9CaCW9cY7i|Blessings and success to you.",0
"people speaking of law to protesters who are fighting for justice themselves...  #ModelTownNotForgotten #PAT #PTI #GoNawazGo",0
"Ohh he can climb a rope? Just like every other commando? Super talented.  #TakeMeOut",0
"probably going to fail tomorrow yayy  #GlobalArtistHMA #MTVStars One Direction",0
"@willbrooker feeding your own flesh and blood/making an alley way smell terrible = same  same.  #90ssarcasm #thesun #thingsthatarewrong",0
"Is sleeping medication like Ambien any better for you? RT @TIME: This is what alcohol does to your sleep http://t.co/ueUn8oFiCk",0
"Einstein would be amused about Strider jumping around in time",0
"love is bliss... ",0
"Last day in #Riga! #self #finnishgirl #businesswoman  @ PK Riga Hotel http://t.co/3Svv5QciFq",0
"Well my mornings going very nicely:smiling_face_with_smiling_eyes: ",0
"Sad I don't have a Christmas jumper  thanks @Missguided for your super fast delivery :thumbs_up_sign: ",0
"I love waking up at 4am everyday and then running 5 miles.. favorite part of the Army :) ",0
"#Germany -- #ECB's #Weidmann #says #German #2015 #growth #may #be #better #than #expected. http://t.co/gxFSC1mQy5 via @reuters",0
"A deal was negotiated between @Metrolinx & GTAA. That deal was is hidden & built into the pricing of #UPX tix. Why all the secrecy? #TOpoli",0
"@shaunrmcgregor yup it must be good to be ivy league Educated because it does alot of good ",0
"We live in such a small world these days - the #LAFire is a story at the end of the Australian news @ABCNews24",0
"One from her please *cries* http://t.co/z0Yt6Dax7s",0
"Loving life. ",0
"he was half of what she deserved  yet he was all that she ever wanted      ",0
"@amy99314 @haleemak_ A protest is not peaceful if its forcefully stopping me to earn my livelihood.",0
"Most useful algorithm I've learned in class so far is finding a substring by using the fast fourier transform ",0
"Shakespeare is great  :face_with_no_good_gesture::pistol:",0
"Where you our #ShamiWitness now?  |""@Dannymakkisyria: The gunman is also said to be monitoring social media activity #sydneysiege""",0
"@RMaybo another case of away the lads  or to put it in song tell me why we don't do north london !! #TyneWeirSunday",0
"@2ANow  you were decrying a hate crime against a Bosnian man & now you're back to your same old game  inciting hate torwards Muslims.",0
"@mmsevents: #OneloveFestival Sat 20 Dec. Table bookings: R800 includes 1 bottle  12 mixers... Uh-oh I smell so much  it's lovely!",0
"@f_fizzle did you get fat on your honeymoon?",0
"#hannity says ""Obama has been indoctrinated into a rigid ideology."" ",0
"Lol my timehop guy though.  http://t.co/OdljZGV4VM",0
"@stephen__tommy and yeah I set it at 130 not 150 because overworking your rookie pitchers is totally okay ",0
" Putin praising Constitutional Court for defending against 'arbitrary action on the part of the government http://t.co/8WDrILv4CP",0
"I couldnt help myself.. I am a bad person...  http://t.co/bmdJcrFmgI",0
"I love watching liverpool truly inspiring ",0
"I added a video to a @YouTube playlist http://t.co/QbcCGhdoIe Modere Beauty Box Review + Giveaway",0
"Off to search for a Christmas gift for my dad bc procrastination :wrapped_present:",0
"I have to say... I'm really excited about Brendan Fraser's birthday tomorrow. #BrendanFraserBirthdayBash",0
"That's me  the infamous pepper shaker replacer. ",0
"Save Manage & Make Money - Join for $99 make $600 #Discounts #Vacations and more http://t.co/6mTjJ6i7Nf",0
"Lol at the #EatenAlive show. if that's the name of the show gotta do it not quit cause the snake was hurting his arm. #goodtv  #garbage",0
"CIA report highlighting the stark differences b/t the present & former administrations' approach to nat'l security. ",0
"You guys seriously need to try this game https://t.co/wyUHZBcRWj #BananaBonanza",0
"@JColeNC thanks for noticing me ",0
"Well  weekend is over!|Now it's #TwitterTime again :D|Have a nice monday!|",0
"So glad to be off work",0
"@adambelz @lee_osp @Vruno whenever I write anything with the word ""immigration"" in it  I'm happy if there's back-and-forth.",0
"@kemmerinB I'm gunna sit here and ",0
"@Chxta They were probably  contracted to work for free. ",0
"@XFINITY yay another outage in less than 8 hours. Keep up the good work! ",0
"A very happy birthday to @sillybrendan - we'll be toasting in your honor tonight. @brad4word @Case4Cleveland",0
"I literally have plans every night my entire vacation.",0
"Kevin Durant with 23pts on 8-13 shooting  has this nigga been inefficient since he came. ",0
"I always look super cute when guys come to fix stuff in the condo ",0
"@lkoch99 Wow  neat! & a nice mini tour of Belfast as well. I think you should have asked for one of these for Xmas  Larry!",0
"#New#color#new#beginning#new#goals#dont#giveup#never#life#should#be#easy @ skdar http://t.co/bzmXE0K98i",0
"@RandBall gotta hand it to them  really. :clapping_hands_sign::clapping_hands_sign::clapping_hands_sign:",0
"@JeremyCee @oldmanebro thank God for Kanye giving these unknowns some help. ",0
"Good thing I'm scared of clowns and my kindergarten teacher was dressed as one today. :expressionless_face: ",0
"LUV when my hair is frozen :smiling_face_with_open_mouth: ",0
"#Heisenberg Uncertainty Principle: Whatever you study you also change. #JurassicParkTheLostWorld #JurassicWorld #BreakingBad ",0
"Glad I'm up at 1am ",0
"@quiksilverindia A cool look and a cool mind is all you need to party all night. |#QuiksilverGoesSupersonic http://t.co/e1YA69hkNC",0
"Hope Tulisa doesn't get a job back on #xfactor next year",0
"Soccer game should be fun today...:face_with_tears_of_joy::face_with_tears_of_joy: ",0
"@salgovernale I know it was you Fredo. You broke my heart!",0
"Just realized I haven't watched this weeks episode of Degrassi.  I ""eventually"" get around to it.  ",0
"https://t.co/13AvCYdxs6|Shop now  in the MALLS! TAKE YEARS OFF YOUR SKIN! SEACRET Minerals from the Dead Sea!!!  https://t.co/MIF1TIkZNa",0
"@melleegee it'll be ok  just get your TA to fix it!! ",0
"@RachelReevesMP @WOWpetition  . #coalition fit for purpose.#Labour can and will sort it.",0
"Why am I wide awake right now..:face_without_mouth:",0
"@51allout Kohli showing all the guts of Scooby Doo. #CaptainCourageous ",0
"@WiseManSi: Your opinions don't affect me. I'm going to keep living my life.",0
"That was one long walk :ok_hand_sign::ok_hand_sign::ok_hand_sign: #GoMe http://t.co/liRaGZvLyF",0
"Work Christmas Eve and Christmas Day.. Can't wait! ",0
"@wecameashailee: 10 HOUR CAR RIDE AND I CANT SLEEP IN CARS YAYAAYAYAYAYAY.  have fun bff!",0
"@ExcuseMySarcasm Oh no  I've tipped Gamergates hand. Now you know our end game! ",0
"#latergram with thegoldcoin. Classes done  research is not. #gradschool #basic #blessed ... http://t.co/1kEoWZw7NZ",0
"I've changed gazilion times the #java configuration NOT to check for updates. It's nice that every five minutes asks me for an update! ",0
"http://t.co/OoDCAadwux #TeenAnalCasting #Alice Alice and Dana -TLW 3X05 Part 2",0
"Halfway thorough my workday ... Woooo ",0
"Don't think for a second I'm out to drown your memory  you ain't worth the whiskey",0
"Youve got to just love the efficiency @usps two-day service!  #7DayService #prioritymail #hahahaha http://t.co/oQsqUAo5a9",0
"@inthisdimension @2AFight No  it's secured by the Cartels so that they can charge huge sums of money for illegals to cross into the US.",0
"One of my favourite things about going to fanshawe is walking to the Z building ",0
"@ManuclearBomb what is your argument? 1/$12.5 for Butler > 2/$17 for Morales?",0
"@MorganKIRO7 Those ""waves"" are epic!  He he",0
"@CNN too bad CNN can't conceive their own story. #truth #news ?   #hypocrite #expose  #fake #exposed2014 #boycott #sponsors",0
"i would tell ya  but you just wouldn't understand...:heart_with_arrow:",0
"just dropped my new single||it's me||i'm single ",0
"Can't even explain how excited I am for tomorrow. :hundred_points_symbol::basketball_and_hoop:",0
"@TheSpinDoctor Of all the Spice Girls  you'd pick her?!",0
"Have you gotten your tree yet? Xmas tree nail wraps available at http://t.co/V9UbrHo8iF #nailwraps #nailart ... http://t.co/ft4T8E03c2",0
"Welsh devolution? How's this for starters... http://t.co/47moRb9jPr",0
"Can always #countonmother to impart #wordsofkindness. Especially on a special day! !!",0
"I'm glad H & M has employed enough staff today.  #nohelp #terrible",0
"Aaaaaaaaand we're back in the ER. Hooray for no sleep! ",0
"Why YES! Of course I use  a lot in my day....because violence is illegal.",0
"My dads letting me drywall with him for Christmas. Just what I always wanted. ",0
" feeling well",0
"http://t.co/xMzzKi6kn6 << This should be Christmas number 1! #accounting  #absolutetosh",0
"#Italy -- #Cabinet #approves #first #planks of #Renzi's #labour #reform. http://t.co/IYhgKBCoks via @reuters",0
"  on the Same day  the 50th anniversary of the #FreeSpeechMovement  a brave critic  was abandoned by our conformist #Press.",0
"I really need to shoot something soon.",0
"@MBCompanyMan Also  I would not that my tone was joking  though it's difficult to properly convey that in a Tweet. ",0
"Do you like quality #dancemusic? Go to http://t.co/caSQNIO8Ka for some great FREE downloads #UK #NightClub> @biggrooverecord",0
"@MagicManRAW @YankeesWFAN you don't know a damned thing about baseball  do you?",0
"Yes it is much more logical to support criminals & attack police officers for protecting life & property. #HandsUpDontShoot ",0
"@JeffersonLake Are they going for the very original plans now?",0
"@Shaneonair large companies don't pay tax and get away with it.individuals who don't pay get locked up or fined. ",0
"@superaielman @Parlett316 the upper deck definitely seemed like Philly South.",0
"Getting my midterm back was such a great start to my day  #badday",0
".@Moz @randfish Woot woot! Whiteboard Friday's are my favorite Friday activity!",0
"Life requires one to be strong at different times. I wear my red briefs over my pants. U just need a lil lust to see 'em. #TooMuch ",0
"@KelseyDPeterson @Get_Merked22 I can sign you in as my guest....",0
"@SqueezeMy_Lemon @RealSports @MapleLeafs @TORHABSFAN well played Matt. Well played.",0
"Wheres the rodgers in brigade ",0
"@blissfulbrann holy fuck  those lyrics fit so good to the movie Interstellar! #chills #freakyfriday",0
"Porygon2 #are  found in the www.monstermmorpg. com #wild. bulbiest follow @MonsterMMORPG #working",0
"!! @DatWaveMagazine #2n1Edition @Marvelousuk @MAZIMONTANA @skinny49 http://t.co/oRT6ZYfGhx",0
"@Yagu4Mp Lol I reckon. Was all in jest. I hope.",0
"Today is just not my day :pensive_face:",0
"@timdobbsphoto Because we need an excuse to pop it open! My dream is McDonalds and Grand Cru. #ChampagneExcuses",0
"Experts Doubt North Korea Hacked Sony ¬´ CBS Dallas / Fort Worth http://t.co/2xIWLuFeGE #hacker #hacked ",0
"@ceddamack The Raiders are. I guess we'll see how things play out tonight.",0
"Oh hello flu! Thank you for fooling me in thinking you were gone! I missed you so much!  #flu #yaay",0
"The word ""#Trust"" coming out of the mouths of #Holder or #Obama is just rich with  and #hypocrisy. #IRS #racebaiters",0
"When you show your valid 16-25 railcard and shes charges you full price anyway. Great service from Tamworth  @LondonMidland",0
"suddenly w-wada  http://t.co/lwdLPpuDSj",0
"Sailing-|√ó|#me #selfie #ootd  #cool  #cute #girl #tumblr #black #style #rock #punk #vsco... http://t.co/sDn3W9Kqvk",0
"A romantic candlelit dinner for two would cost less if you switched the lights on -  ESKOM pic from the 1990's http://t.co/cxnIdmB3qn",0
"@Rickmayhem @dearmothica accordng 2 lawyrs  evidence supported both sides  could hav supportd many differnt scenarios  warranting indictment",0
"The fans needs to be heard tho RT @cupcake78318778: @Sum4uckingMoney @jonso4tindo WENGER WILL NEVER QUITT.SORRY LADS. FOR FEW YEARS..",0
"My prayers have been answered WE OUT",0
"Fully charged my #Anker portable charger...it lasted 1/2 an hour.  Awesome #Fail",0
"Sweet United Nations video. Just in time for Christmas. #imagine #NoReligion  http://t.co/fej2v3OUBR",0
"@mrdahl87 We are rumored to have talked to Erv's agent... and the Angels asked about Ed Escobar... that's hardly nothing    ;)",0
"Hey there! Nice to see you Minnesota/ND Winter Weather ",0
"3 episodes left I'm dying over here",0
"I can't breathe! was chosen as the most notable quote of the year in an annual list released by a Yale University librarian ",0
"You're never too old for Footie Pajamas. http://t.co/ElzGqsX2yQ",0
"Nothing makes me happier then getting on the highway and seeing break lights light up like a Christmas tree.. ",0
"4:30 an opening my first beer now gonna be a long night/day",0
"@Adam_Klug do you think you would support a guy who knocked out your daughter? Rice doesn't deserve support.",0
"@samcguigan544 You are not allowed to open that until Christmas day!",0
"Oh  thank GOD - our entire office email system is down... the day of a big event. Santa  you know JUST what to get me for xmas. ",0
"But instead  I'm scrolling through Facebook  Instagram  and Twitter for hours on end  accomplishing nothing. ",0
"@TargetZonePT :pouting_face: no he bloody isn't I was upstairs getting changed !",0
"Cold or warmth both suffuse one's cheeks with pink (colour/tone) ... Do you understand the underlying difference & its texture?",0
"Just great when you're mobile bill arrives by text ",0
"crushes are great until you realize they'll never be interested in you.| :p",0
"Buffalo sports media is smarter than all of us. Where else can you get the quality insight offered by Harrington and Busgaglia. ",0
"I guess my cat also lost 3 pounds when she went to the vet after I've been feeding her a few times a day.||#Eating|#food| |#WorkingOut",0
"@YankeesWFAN @Ken_Rosenthal trading a SP for a defense-only SS? Brilliant trade. ",0
"But @DarklightDave was trying to find us  and my battery died. Guess how he found us? Yes  that bastard wand! !!!!!",0
"@deputymartinski please do..i need the second hand embarrassment so desperatly on my phone ",0
"I never cared for Beyonce  bc I could never get a sense of who she was. Her interviews lacked depth. @AZEALIABANKS tho....this girl got IT.",0
"@yWTorres9 time to hit the books then ",0
"@RushOrderTees THX4FLW! FLWtheMUSIC @ElektrikEventz @ElektrikMetro WE R #ElektrikBLOOM #ElektrikFANTASY #iwant2DRIFT #Elev8TheUnderground!",0
"Love these cold winter mornings :grimacing_face: best feeling everrrrrrr !",0
"Amazingly http://t.co/NEioZuNbLD is not owned by #BHP. They are going to have to shell out some decent money for it. #BHPBilliton #South32",0
"Wish she could have told me herself. @NicoleScherzy #nicolescherzinger #OneLove #myfav #MyQueen :heavy_black_heart:Ô∏è:heavy_black_heart:Ô∏è http://t.co/queL09fqyr",0
"The rain has made extra extra lazy:smiling_face_with_open_mouth_and_cold_sweat:",0
"I was doing great with this summary of my year until I got to June 27th  and the weekend of @Hartswormx3 's birthday. #rivertrip #groupchat",0
"see  that MIGHT show up on a background check  and you'd be denied its a catch 22 we have the right to self protection @serpentina66",0
"Smh never knew something could be 80% halal....Been muslim my whole life but somehow i've learned something new i guess ",0
"A wonderful day of starting work at 6am ",0
"i feel like whole life is about waiting waiting and waiting",0
"@Pure_playa85 lol :grinning_face_with_smiling_eyes:.. Will let my kids know when they get up in the morning.. Thanks for the tip",0
"@RedSox you guys sure screwed this up royally. I'm happy for Lester  the brain trust over there sucks. #nicejob  #LesterToChicago",0
"#Aussie #gunman #was  #on terrorist #watch #list  PM #says: SYDNEY ‚Äì The gunman who took 17 hostages in Sydney... http://t.co/ibnxdPtu3W",0
"Twig is now ""Sprig""‚Äî3 sec limit on new social video platform  #techtalk #editorspick #sillyvine #Tr... https://t.co/0DMkcXpYzq",0
"@HEELTeacher and what will that achieve? Seriously?To be fired.all the guys who had the balls to call them out are gone..",0
"Yay for another work at 4am day :neutral_face: ",0
"Physical therapy at 8 am is just what I want to be doing with my Friday  #iwanttosleep",0
"Omg @FloptimusCrime didn't tell @giantfootyguy he was in town :face_screaming_in_fear: #trueFriend ",0
"I THOUGHT WHAT WE HAD WAS REAL  HOW COULD YOU BE FINE? COZ I'M NOT FINE AT ALL Oh wait. Fixed the caps lock ^.^  #LaughNow .o.",0
"HaHaHaHa!! #hypocrisy  ""MT @Independent: Katie Hopkins calls Russell Brand a bully..........: http://t.co/DZ05xHiuwl""",0
"That moment when you have so much stuff to do but you open @tumblr ... #productivity  #tumblr",0
"Lol! I m enjoying it:two_women_holding_hands: #Talks #Crazyness #SheNeverLeft  sleepy!! :white_smiling_face:",0
"Luv this ",0
": When some naturopaths sell ""aromatic"" herbs the way apothecaries sell noxious poisons. #Naturopath=#Apothecary #Herb=#Poison",0
"@dixiessixty: Goal of the Season 1970: GOAL 1. Jon Sammels #ARSENAL vs #manutd https://t.co/W1p9bptdT3 @Lloydgallagher3 @bigtant1986",0
"really  what else can a fish be besides a fish? @RBRNetwork1 @TheOldBreed1775 @IndyEnigma @diverdown48",0
"@malesurvivor72 I think it's a safe bet it won't fit the crime.",0
"It will be impossible for me to be late if I start to dress up right now. #studing #university #lazy ",0
"When you're already running late and then your car won't start <<< #FantasticFriday ",0
"i decided to become my own boss to have more free time.. now i have no time left whatsoever. ",0
"loyalty vs. self protection loyalty vs. self protection loyalty vs. self protection loyalty vs. self protection",0
"American Kids starting playing and now I'm super missing #summer2k14 #kennychesney",0
"@corporateknight don't know how#Monsanto # among 100 most sustainable Cos in the world sure all parameters are measured#net positive?",0
"None of the big  disruptive innovations in our lives have come out of brainstorming. -Bruce Nussbaum http://t.co/ituc6zpusB",0
"that way people get to understand disabilities and not stare at us funny wen we out and about#IDPwD#disability",0
"@TheoCorleone @david_maclellan Shit! I better shut my stupid girly mouth because im so concerned about what men might think of me. ",1
"Why does my tongue feel it necessary to try and touch the high speed tool my dentist has put in my mouth?",0
"Tell me the #Quintessential #Aussie now isn't a Govt paid job & then have the hyde to buy overseas online and pay no GST . mmm #SadButTrue",0
"@Parlett316 ""Dirk's got a lot of moves I'm trying to steal."" - Kevin Durant on his one-legged fadeway",0
"About once a yr I get a little nutty and reach for the orange marmalade. #livingontheedge  http://t.co/sF9o6OWE1v",0
"Rogers  that smile just so accurately captures my reaction when I receive an extra high phone bill!   http://t.co/vFP1ehx7yL",0
"Whatever happened to the Guano Apes? Did they ever make it ""Big in Japan""? ",0
"Bmw i8 sexy az hell but too slow for the dinero 12.4 in the quarter mile slow #fan of the design feeling the... http://t.co/DELfxN0BpI",0
"Let your humility guard your pride ... Vanity shouldn't be allowed to be with such a delicate thing.",0
"Whenever I get sad about how things are going now  I just think of how awesome the future looks to be. #secondsemester #drumcorps #college",0
"I asked God to protect me from my enemies .. shortly after I started losing friends :flushed_face::hundred_points_symbol:  or #naah",0
"Just delivered @DominiqueAnsel #cronuts to @BouchonBakeryRC hmmm  its for a customer I hope!!! http://t.co/KDx0FhVqCW",0
"Such .   You still have to #praisehim ;)",0
"Hey heyy!!!I....wanna be a rockstar #vscocam  hero #vsocam #hero #spiderman http://t.co/9tuskhVYbJ",0
"@MaggieLindemann: . @xSamSecrets123 awk moment when I tweeted first #fakefan !!!!! ",0
"Waa mockingjay part 2 tahon depan meh 20 Nov 2015 wtvr Night at the museum 3 #mustwatchb4decemberendssobssobs http://t.co/rAc6XdS56z",0
"@AmbControl999 @HouseofCommons @Ed_Miliband @nick_clegg @David_Cameron  nice to see the ambulance service is so important to OUR mps ",0
"I love finals week! #justkidding  #stressed",0
"@gracewoods_ fucking copycat  although you're name is mint and the act we share it is probably a cause for alcohol filled celebration!!!",1
"Literally cried when I woke up because I know what this day has in store for me #TheStartOfTechWeek  Ready #JustShootMeKnow",0
"@RashawnFranklin Because I disagree w/ you? Trading three picks for one when you have glaring holes at numerous positions is ass-backwards.",0
".@nypost .@Cameron_Gray Oh that makes it all better!!! ",0
"Why didn't I start watching the tudors earlier? #iloveit",0
"@guntrust http://t.co/8ICPDcAoNQ #CHRISTMAS #GIFT GET STARTED AT MAKING MONEY IN SOCIAL MEDIA @ https://t.co/cpJZkEgNe7",0
"don't knw how to react everytime sum1 says me being in a wheelchair ""inspires"" them! im just living they same you are dude",0
"GET AHT A TAHN!|The Made in PGH Gift Guide https://t.co/ziTWyuzN6a via @getfitpgh",0
"On my lunch break so sleepy:sleeping_face:",0
"#Work#Trains#TheGrind#London#Business#MyHappyFace http://t.co/fdE2iQpuQz",0
"dude said I better think hard   so he can take me to cheddars lmao ! ",0
"My #Christmas ritual...part one. #HowTheGrinchStoleChristmas http://t.co/yIJ6tiHmsM",0
"Overcast at Creso. #todayimloving #beachwalk #crescenthead http://t.co/daEk2DAjBg",0
"2014 can't end fast enough! Stupid dead battery.",0
"Not even 8am and I can already see this is going to be a wonderful day  #needmorecoffee",0
"I have an idea  how about 911 operators don't ever describe race?||And police have to wear color blind glasses?||",0
"@bustedcoverage  but Russell is a good christian fella  he wouldn't do that. ",0
"Apparently my youth group thinks ""Are you kidding me?"" is my default expression--or ""nomal face."" #areyoukiddingme http://t.co/dBARs2XXTa",0
"@jaymohr37  #PSA Hey Jay  I tuned in when u said ""why all the cocaine talk today....after tweeting coke joke saw it's Escobar's 65th ",0
"Interviewed a turkey & here's what he had to say http://t.co/8fTsTAoTa1 #Thanksgiving",0
"Planned on an early night last night.. Oh yaa course that happened..  #gotinterupted",0
"@MaggieWinter21 your last retweet though ",0
"2v4 S&D matches are just so fun... ",0
"i just loveee bein short and having my sweatpants go all the way under my feet its so fun... :pile_of_poo:",0
"I love waking up at 8 am on a Saturday morning after going to bed at midnight ",0
"A day where  ruled @twitter  I got followed by @Sarcasmia. Wht a  day!! Lollllll.",0
"Jusuf Nurkic #Bulls RT @JonathanTjarks: He clearly has a lot of talent. Kind of amazing that Denver got him and Gary Harris for McDermott.",0
"I don't even have progress on my thesis tas preparations for our event this thursday :weary_face:",0
"Gym and I are gonna have a reeeaaalll nice date tomorrow.  #imgoingtostruggle #VSFS2014",0
"Sony pulled a movie bc we're scared of a country that can't even keep its lights on at night? Even motel 6 can do better than that. #Zing",0
"Had a nice 3 hour nap. Picking up my Chinese take-out and set to watch #GuardiansOfTheGalaxy @MyzzCryz I added water chestnuts to my dinner",0
"@jepischke @djdurkin The Bears are probably the worst franchise in football at the moment.",0
"I'm so pissed off at Chicago. Like the people at the airport ruined so many peoples chances of ever meeting the boys :expressionless_face::expressionless_face::expressionless_face:. Way to go ",0
"Hell has frozen over. Literally. #Texas2015.",0
"Can you write your name on a paper and take a picture ... ‚Äî I can but I'm busy answering this question oh...  http://t.co/hRysVyLpBI",0
"Its a marshmallow world in the winter :multiple_musical_notes: #getthisoutofmyhead",0
"Taking the bike through rainy and cold dark streets to the dentist. Yaaaay. #Somuchfun ",0
"Reading about Barack Obama in the Barack #Obama plaza #moneygall oh the  http://t.co/sQCIETUrpR",0
"that is the face of a tired man hahahahah",0
"We want turkey!! ",0
"@winelibrarian happy to be of some small service ;) @Case4Cleveland @brad4word",0
"Choose your words carefully hurting someone feelings is not the right way to go.",0
"What a joke. Thanks for the detailed response and communication with your customers.  @AskPlayStation @PlayStation",0
"@MohammadFarooq_ Asalamoalekum... :smiling_face_with_open_mouth: kesay mizaj ? Thank you so much. It was posted on 2nd December 2013. Already there. :smiling_face_with_halo:",0
"Feeling artsy tonight. #artsy#homealone#vienna#studentlife @ b&e's apartment http://t.co/Ct85mmtf5H",0
"showed mom this picture of me and @sopitlikeitshot & says ""this is grunge"" and she goes ""haha!! I love it!"" #momgoals http://t.co/LTe1NGODMk",0
"@TharaAzzam explains why Inter went all Calciopoli over Juventus...",0
"I pray God comes back in America and saves us all.",0
"#Libby #Lane #appointment: #Women #bishops #debate  #over: The appointment of the Reverend Libby Lane as the... http://t.co/YOj9HVUa8n",0
"Sad that when someone drinks they treat you like shit and won't talk to you.",0
"We provide a structure that ensures you will successfully invest in real estate. http://t.co/vSLRBIOhyr @backofficeguru",0
"@FoxNews Ask a liberal and he will tell you Obama got us out of Iraq and won the Afghan war...and no one ever died under his watch.",0
"Why am I sick? *looks at other tweets* oh yeah sex...  #lame",0
"working a double on 2 hours of sleep here we go let's get it ",0
"For those of you that LOVE this time of year.  https://t.co/r6utbrXVrU",0
"In other news i havent had a good nights sleep in a week. I feel great. ",0
"The pure #reality of . http://t.co/wokWEvDvrp",0
"#DIY. Change your #MobileCover every day now. Enjoy! http://t.co/FbDDXMien9",0
"Happy 2nd anniversary to me in SGV. Happy OT here in client. Woohoo. I loooooove my job. Super. More years to go!!!!!!!!! ",0
"@Vh1Supersonic Cause of all the things in life this seems to be in #Balance. |Music- Medicine  @Vh1Supersonic - Doctor|#SuperDayLineUp",0
"@HarrietBaldwin @OkieVision I guess that means MSM will dig something up to smear Barkley now.#Ferguson",0
"Jimi Agbaje is a fine man...in respect to public service what notable landmark has he achieved?  Tested|Jimi... http://t.co/MCNlrZffAO",0
"@letote good thing we had enough #whitewine and #christmastrees to survive if needed. #chardsohard #fashion  ;)",0
"@DFDSUKUpdates why all the delays?  happy",0
"The fun part about 4 am drives in the winter  is no one has cleaned the snow yet ",0
"I miss the days when all my close friends lived in the same city.",0
"so it's claimed that 99% of all russian athletes take performance enhancing drugs. there is a surprise ",0
"@SQLSophist is that  ?",0
"Shoutout to my mom for being hella supportive of me ",0
"@Sidra__PTI you may also see flags of ISIS with him  is this govt and ch nisar don't admit :'(",0
"@JordanNoftall that's funny ",0
"Do you want more period related post or do you like how I post some personal things here on Instagram? http://t.co/VQWDOxB2RU",0
"http://t.co/nKXYmio8V6 #AnalScreen #Exotic Exotic brunette gets her little tight butt nailed right on the office desk",0
"@mmamania what time is the UFC press conference tomorrow with names of numerous fighters getting cut ",0
"#Terror on high Seas ...|Fishing boat  allegedly from #Pakistan  blows up at sea ...... http://t.co/V6G1zx2s4f",0
"#what#matters#to#me#is#gym#holidays#work#the#hell#out http://t.co/HBofXwvQPe",0
"I like listening to dads truck drivers tell me about them going to the strip joint and their old lady getting mad at them over it  :face_with_tears_of_joy:",0
"@baltimoresun Hate it. Go back to the old format please.",0
"@nfullers98 its a week joke I have with Jessica and my niece:person_raising_both_hands_in_celebration:",0
"@Moose_eBooks You seriously bought a giant TV to play in the box?",0
"Haha who the fuck says that to someone#TrueGentlemen ",1
"If you don't want Hall to eventually ask for a trade then hope for consistency in the message. Change too much you might as well start over",0
"@RobertH1946 @EverydaySexism wow. That  here though  sorry grandpa  we use mac these days #WelcomeToTheWorld #NeverArgueWithFools",0
"@MyzzCryz I liked the first one. Never cared enough to watch the sequel(s?). That said  I will only watch the #reboot because of #ChrisPratt",0
"#working.blues.enough.vacation.days http://t.co/zSTyQiRUt5",0
"@PeterEgan6 The badger crusade continues.|""Gloucestershire badger patrols triggered by illegal trapping fears""|http://t.co/rF5aAmpC5n",0
"@BrandonTierney I also support instantly murdering 12 year olds with fake plastic guns in public parks...",0
"Auntie just called and said shes on her way..|I better get dressed then :astonished_face::face_with_tears_of_joy::face_with_tears_of_joy:",0
"Ahhh 7 a.m bedtimes  how I've missed you  #examproblems",0
"Nerd #piccollage having a bit of fun with Georgia #nerd#chistmas #sillybilly @ chilling on my comfy... http://t.co/J3z63mwKHt",0
"@mrjamieeast I think it was the hotel owners...",0
"@SincerelyTumblr: One day I want to travel with my bestfriend :earth_globe_asia-australia::airplane:Ô∏è http://t.co/AXD3Ax5qC1 DONE DID TRAVELED DA WORLD!! @Bethanycsmithh :heavy_black_heart:Ô∏è",0
"@SouthamptonFC @LFC @SkySports Again fans come second. Thanks again ",0
"When you return in kind then so called friends label you as being unkind. :)",0
"Sometimes i just dont understand anything|#stubborn http://t.co/nwhIEP4VWz",0
"That was the cutest thing ever :smiling_face_with_heart-shaped_eyes::face_throwing_a_kiss:",0
"Oh how I love that my ass is too big to fit into my jeans anymore.  #bigbootybitches",1
"@LifeCheating doesn't lucky and fortunate mean the same thing?  ",0
"I enjoy stealing my husband hat every once in awhile :smiling_face_with_heart-shaped_eyes::face_throwing_a_kiss::flushed_face: #heyyall #GoodMorning http://t.co/LknoOm7VSb",0
"@SPmilkshake @MikeRTrice @neiltyson His tweet in the context of his history is what makes it a clear bait.",0
"Insanity is doing the same thing twice and expecting different results",0
"3 hours sleep yay loving life ",0
"wow  look at you hotshot.  #isthatajoke",0
"@dirtydeathdog Can't wait to play the #BFHardline Beta with you XD #Epic",0
"Contemplating responding to @charliejnwalker's tweet saying ""what remains of their pride"" but not sure how well that will go down ",0
"Having to be up in four hours sounds great ",0
"OH and now the District line has major signal failures and delays FANTASTIC!!! ",0
"@ScottishFA @RaeComm @ChampionsLeague sure that will end well ",0
"Country music & photo editing  my type of morning :black_sun_with_rays:Ô∏è:multiple_musical_notes:",0
"LOL.. Micromax is promising that service?  http://t.co/AxG11utGOD",0
"Its so hard to choose between the pleasure and the pain  #Girl #December #Love #Dream  #Strong http://t.co/GZH8Oqft9y",0
"@PowerTripKFAN Adrian was raised that way and he made it to the NFL. Maybe he thought that would motivate his kid to get there too? ",0
"She heard Him cry and His little fingers & toes were counted and Mary exclaimed ""He's PERFECT!""  Oh Mary  you so cray cray. ",0
"My secret name is lizard squad. I like to ruin people's fun time. Follow and rt to a billion and you'll have fun. #psn  #giveitup",0
"Sexist article in the Daily Fail about men wasting money on cycling - accompanied by recommendation for a handbag costing ¬£999. ",0
"@Justen_G you tweet about having a flip phone? Now that's the definition of ",0
"@G_Wade_TooFlyy yea we was we too only a couple schools played black & not its a black dominate game ",0
"Don't forget to join @midtown_1015 for #Steak Night tonight starting at 4pm! #nyc #food #foodie",0
"@andreamarchant @tortugarouge I don't think I've ever seen Love Actually all the way through. I tried once last year. I don't remember it.",0
"@lionhart32 @Dosta1 @BSButcher My Nephew stopped a lot. His long hair. looks like a drug dealer. Never smoked anything Pills?not an aspirin.",0
"#QZ8501 asks permission to #takeoff: #towercontrol of #Surubaya: yeah..y can go...away.",0
"@RedFMIndia @SunburnFestival |Answer 2- More than 150 artists |#WinSunburnPasses",0
"@michelledean @AVAETC not playing out in the provinces like  oh  Mississippi. ",0
"Church sign of the day: How would you feel if we celebrated your birthday without you? :speak-no-evil_monkey: #StoleEm #TheReasonForTheSeason",0
"@Rich_Herrera_4: @pcon34 IT HAS THE WORD MAN IN IT!! Just as sexist as saying mail man instead of mail carrier.  #MichiganMan",0
"Did you know ? If you are reading this right now you are not blind...lol. ",0
"@Nettaaaaaaaa @deray yeah & we wont talk about how the bodies of the 2 cops killed in BK were ambulanced immediately. Elitism at its finest.",0
"Love this weather ",0
"@MagicalBlondess Psssst. You spelt 'thing'  wrong ||",0
"http://t.co/ZcHdGJZrhQ What Day is the Sabbath? #follow #Jesus #Christ #FBC #FBCJAX http://t.co/QhJfErumW1",0
" tough day in sun #kitsch#funny @ Costa Teguise Lanzarote http://t.co/3D5qjIyh0z",0
"@BFBulletin if @tiggr_ exclude BF3 maps from the poll... I am going to RIOT!! I really want Seine Crossing back :loudly_crying_face: :loudly_crying_face:|I would pay for it!!",0
"I love 14 hour shifts  :weary_face::weary_face::weary_face:",0
"The whole #Misogyny thing is hanging in there with Women from the right . A cat fight now ?  imagine pulling that on the left #pmlive",0
"Yea  yea that's logical. ",0
"Over on CBS at noon is #BALvsMIA. FOX has #SEAvsPHI after the #Saints. #NFL",0
"So Aaron sorkin goes on @todayshow  to talk about not liking the media talking about Sony hack? Using media to bitch about media? ",0
"you have no argument because you're insane|@RBRNetwork1 @Steven_Swenson @TheLexZane @SSGAngle @JoeHilgerman @DanMartin_cards",0
"#FergusonRiotTips Remember  the only way ppl listen is if you burn down their stores||#Ferguson #VitoandVito #WAARMedia #tcot #ycot",0
"My fingers smell like lavashak :)",0
"#notcies #eu Juncker receives birthday surprise: One million signatures opposing TTIP and CETA http://t.co/f3knbTnus8",0
"#Forever #Young  Forever  #Out  Forever in #our #hearts. |#RIP #PhillipJoelHughes. @vCricketAU @CricketAus",0
"Last day in Naples with my Emma girl! :palm_tree::black_sun_with_rays:#soeasytotakeapicwithatoddler  #19wksandcounting... http://t.co/Xb43RmsXAj",0
"Say no more.... #bigclub  http://t.co/ALcQQsASsY",0
"@MyzzCryz anytime! Cash is acceptable every where. And can be used toward whatever they want/need.",0
"@steigerwaldino Nah  it's better we all act like the North Korean govt and police people's private thoughts. ",0
"@haugenma my 7-year-old got it for me! I think Macy's http://t.co/JriDbimgYg",0
"Blowing your nose so hard your ears pop is the greatest way to start a Wednesday. ",0
"Today's court proceedings  allowing prisoners access to books in England & Wales  surely confirms it's time to limit judicial review. ",0
"Yay I love being awake at 5 in the morning :grinning_face::pistol: ",0
"Off to a slow start this morning . :weary_face:",0
"@MatthewWRossi getting power from wind is so outdated and unsightly  we should be siphoning it directly from the sun by now. ",0
"Really looked forward to waking up this early for finals...... ",0
"Oh how I love listening to Fox News in the background while opening presents. ",0
"Those bad Anonymous and Occupy people did it all because they support white supremacy ",0
"@Big6domino @CNN Well that's a completely well reasoned and thought out argument. You've changed my mind!!! #Ferguson ",0
"@badassbraeden Yeah no I'm still laughing. It's not even that funny and I'm still laughing",0
"@bgracely @Horn_Chris gotta be a joke about tootin a Horn somewhere",0
"Gotta go out with him and the third forth fifth...wheels.| #WinterThought",0
"Cc: @JohnCropp My last tweet. Wayne's World is a great movie. ",0
"@nacholeber @SageRosenfels18 zero place for that. when the karma train finds Raiola  I hope it has a full head of steam",0
"Earn cash by Posting & Tweeting! |http://t.co/2667mS1bHz ||Get started at http://t.co/GViBiZ4ZsH||#CashForContainers #homebasedbusiness #LOL",0
"Oracle on Windows 2000. This should be fun! ",0
"last day of classes #trill except finals whoop ",0
"YOU blame him for everything else @RBRNetwork1 @1_Free_Man @TheLexZane @Anan_VII @ABPT_Rocket @DrPenisWrinkle @kusun0",0
"With dropping oil prices  thank goodness #PMHarper has worked so hard trying to tie our economy to the oil & gas sector.  #cdnpoli",0
"when singing along to songs in Korean and there is a part in English  I sing it with a Korean accent. WHY.",0
"save your work folks. i'm offically cntrl-alt-deleting this week.",0
"I'm glad Andy can tweet all day but not text me back.  #loved ",0
": When some masseuses offer ""soothing"" massages the way reviewers offer stinging criticisms. #Masseuse=#Reviewer #Massage=#Criticism",0
"@PdpNigeria#it shows you that APC is a free and fair party#run by intellectuals#and this is what we call democracy dictatorship#",0
"@panndder @MyLittleBloggie @bloisolson How dare you accuse me of being a boomer.",0
"Hungry and hungover  #a  #good #day",0
"Oi na how am I functioning right now #sleepdeprived",0
"@loveeallyy I literally do not know",0
"@mahobili @DrAwab What does PTI do apart from whining?  #Youthiacrasy",0
"True  http://t.co/38hrutRf0r",0
"@eXoAnnihilator @roIIerCosta @KSIOlajidebt tells someone to spell correctly while completely fucking up his tweet ",0
"My solo costume so far is Charcoal Grey Bottoms.... making some real progress. ",0
"Pay Ghost Soldiers in Iraq & cut pay of US #Military.  #keepyourpromise @SenateDems @Senate_GOPs @thejointstaff http://t.co/353PkrO9yC",0
"...but then it started itself and made the Windows noise. So starts this exciting day of mine...! ",0
"@sammiecurtis_ me and you are the only ones that love it :smiling_face_with_open_mouth_and_tightly-closed_eyes::father_christmas::party_popper::multiple_musical_notes:",0
"In need of a rose winee:wine_glass::wine_glass:",0
"Yesterday #PeshawarAttack was a top tag and today the only thing twitter nation seems to be concerned about is #PTIKeptPakFirst ",0
"My whole life is just ""oh ok"".",0
"Leg snapped alike a twig and after I completed my front flip I screamed like a hungry newborn baby",0
"#succes #it #is  #about #what #we #see #if #we just #keep #hope #and #never #give #up #success #is... http://t.co/bCjdQqzo1k",0
"I can already tell today is going to be a wonderful day ",0
"@junior_miller @gordonkeith Junior got a rim shot for a 'rim job' joke. ",0
"Found out the reason that weekend closer makes my life miserable is because I'm atheist. #hypocrite #atheistproblems #serverproblems",0
"Staying #casual #monday #funday  #ootd #fashion #style #allyouneedisstyle #todayimwearing http://t.co/tpuVqw7K4s",0
"@QararaRasha so so problematic.. God bless her. It's a shame what've we done to pakistan. :(",0
"#TortureReport trending; I wasn't aware J.K. Rowling released her new book. ",0
"@patevans @grbj Too Sad... LOCAL NOW!",0
"@C_o_r_g_i wtf thanks for saying bye ",0
"Ahh gotta love those December electric bills. ",0
" dead? Why is this stupidest of memes still perpetuated?",0
"When someone with retrica wali picture complains about how many filters someone has used in their picture to look pretty..",0
"Great  I've got a lung infection. This is fun. :/ | #notfun #miserable",0
"Jeez it's a lovely morning out!! :dash_symbol::droplet::splashing_sweat_symbol: :thumbs_down_sign:  #Ireland #December",0
"@Jaee_ThaPrince I need a spot for my birthday",0
"@Redsaint76 I don't think. I know!",0
"I love when people leave their smelly shoes in my car. It makes my car smell great! ",0
"@sportstalksc what's the rush? His leg is still attached right?  #dr.dabo",0
"50 mph winds make a great hair fan for a photo shoot. :smiling_face_with_open_mouth:",0
"Gotta love working the day after Christmas  #smellya",0
"Is ""I have to go...my gelding is struggling with dystocia"" a valid excuse...I just want to see the (lack of) reaction #whenyouseeit ",0
".@ChipBrent I love the #gamergate concept of harassing and spamming porn at any critics as proof that you're not a hate group. ",0
"The thing I love the most about coming into work early? Having everyone ask me why I'm here so early. Gets me every time.  #annoying",0
"Thanks @AirAsia  for nothing. All my family were flying with you from KL to attend my wedding. #everyonecanfly  #AdelaideRouteCancelled",0
"@CNN9ja @bbgalad#he didn't know that before putting him there#they all reck our country#PDP clans do not deserve another day even months",0
"@kennobish could do with someone making me a hot chocolate right now ahaha",0
"me at restaurants: Is there wi-fi?|me at beach: Is there wi-fi?|me at family parties: Is there wi-fi?|me in hell: Is there wi-fi? #wifi",0
"Love it when your typing at work and a spider comes out from the keyboard and hangs out between your fingers...  :see-no-evil_monkey:",0
"Don't #text and #drive either. http://t.co/OXybfwwWb6 http://t.co/fgOCRS5kre http://t.co/fBpsjk6yyk",0
"@JimHumbert @GotNewsDotCom Really?! Unbelievable! U mean he was a Thug & Criminal?  ",0
"Always gonna be an uphill battle  sometimes I'm gonna have to lose.",0
"Today I don't feel like doing anything|",0
"http://t.co/TUqXSWNBuP In light of the #Murders of two NYPD Officers inspired by #IcantBreathe should... http://t.co/nMYE90O4in",0
"@alewnes7 he def came out the closet on that AND 1 dunk #rudygay",0
"People at my school only talk about sex and drugs. So awesome ",0
"Perfect time to get really sick  :tired_face::face_with_medical_mask:",0
"@nelsonicolee funny ",0
"The #hardest thing's  #knowing & #having the #faith to #keep #going http://t.co/qMBU7EEag3",0
